–ü—Ä–æ–¥—É–∫—Ç,–ö–∞–ª–æ—Ä–∏–π–Ω–æ—Å—Ç—å,–ë–µ–ª–∫–∏,–ñ–∏—Ä—ã,–£–≥–ª–µ–≤–æ–¥—ã
ü—è—Ç–µ—Ä–æ—á–∫–∞],368 –∫–ö–∞–ª,9 –≥,9 –≥,70 –≥
Easy –°–º—É–∑–∏ [–ü—è—Ç–µ—Ä–æ—á–∫–∞],52 –∫–ö–∞–ª,"0,6 –≥",0 –≥,"12,5 –≥"
Energy To Go [–ü—è—Ç–µ—Ä–æ—á–∫–∞],4 –∫–ö–∞–ª,0 –≥,0 –≥,"0,5 –≥"
Fresh Bitter Lemon [–ü—è—Ç–µ—Ä–æ—á–∫–∞],47 –∫–ö–∞–ª,0 –≥,0 –≥,"11,6 –≥"
Immuno Lakto –î—Ä–∞–∫–æ–Ω–∏–π –§—Ä—É–∫—Ç [–ü—è—Ç–µ—Ä–æ—á–∫–∞],88 –∫–ö–∞–ª,"2,6 –≥","2,5 –≥","13,9 –≥"
Jake Vitamincandy [–ü—è—Ç–µ—Ä–æ—á–∫–∞],245 –∫–ö–∞–ª,"0,5 –≥","0,7 –≥","88,5 –≥"
Kids Chocolate [–ü—è—Ç–µ—Ä–æ—á–∫–∞],560 –∫–ö–∞–ª,"4,6 –≥","36,5 –≥","53,4 –≥"
Koukou Roukou [–ü—è—Ç–µ—Ä–æ—á–∫–∞],533 –∫–ö–∞–ª,"2,8 –≥",31 –≥,60 –≥
–ê–±—Ä–∏–∫–æ—Å [–ü—è—Ç–µ—Ä–æ—á–∫–∞],44 –∫–ö–∞–ª,"0,9 –≥","0,1 –≥",9 –≥
–ê–≤–æ–∫–∞–¥–æ [–ü—è—Ç–µ—Ä–æ—á–∫–∞],212 –∫–ö–∞–ª,2 –≥,20 –≥,6 –≥
–ê–¥—ã–≥–µ–π—Å–∫–∏–π –°—ã—Ä [–ü—è—Ç–µ—Ä–æ—á–∫–∞],220 –∫–ö–∞–ª,19 –≥,16 –≥,0 –≥
–ê–ø–µ–ª—å—Å–∏–Ω [–ü—è—Ç–µ—Ä–æ—á–∫–∞],36 –∫–ö–∞–ª,"0,9 –≥","0,2 –≥","8,1 –≥"
–ê—Ä–∞—Ö–∏—Å [–ü—è—Ç–µ—Ä–æ—á–∫–∞],610 –∫–ö–∞–ª,30 –≥,50 –≥,10 –≥
–ê—Ä–∞—Ö–∏—Å –≤ –ö–æ–∫–æ—Å–µ [–ü—è—Ç–µ—Ä–æ—á–∫–∞],550 –∫–ö–∞–ª,15 –≥,26 –≥,56 –≥
–ê—Ä–∞—Ö–∏—Å –ñ–∞—Ä–µ–Ω—ã–π –°–æ–ª—ë–Ω—ã–π [–ü—è—Ç–µ—Ä–æ—á–∫–∞],608 –∫–ö–∞–ª,26 –≥,50 –≥,"13,4 –≥"
–ë–∞–≥–µ—Ç –ë–∞—Ä—Ä–∞ [–ü—è—Ç–µ—Ä–æ—á–∫–∞],288 –∫–ö–∞–ª,"10,9 –≥","1,2 –≥",57 –≥
–ë–∞–≥–µ—Ç –ì—Ä–µ—á–µ—Å–∫–∏–π [–ü—è—Ç–µ—Ä–æ—á–∫–∞],280 –∫–ö–∞–ª,8 –≥,13 –≥,34 –≥
–ë–∞–≥–µ—Ç –ò—Å–ø–∞–Ω—Å–∫–∏–π [–ü—è—Ç–µ—Ä–æ—á–∫–∞],245 –∫–ö–∞–ª,"8,2 –≥",1 –≥,50 –≥
–ë–∞–≥–µ—Ç –ü—à–µ–Ω–∏—á–Ω–æ-–†–∂–∞–Ω–æ–π [–ü—è—Ç–µ—Ä–æ—á–∫–∞],278 –∫–ö–∞–ª,"9,3 –≥","5,9 –≥","46,1 –≥"
–ë–∞–≥–µ—Ç –°—É–≤–æ—Ä–æ–≤—Å–∫–∏–π [–ü—è—Ç–µ—Ä–æ—á–∫–∞],226 –∫–ö–∞–ª,13 –≥,"3,5 –≥",36 –≥
–ë–∞–≥–µ—Ç –¢—Ä–∞–¥–∏—Ü–∏–æ–Ω–Ω—ã–π [–ü—è—Ç–µ—Ä–æ—á–∫–∞],267 –∫–ö–∞–ª,"8,4 –≥","1,2 –≥","54,3 –≥"
–ë–∞–≥–µ—Ç –§—Ä–∞–Ω—Ü—É–∑—Å–∫–∏–π [–ü—è—Ç–µ—Ä–æ—á–∫–∞],272 –∫–ö–∞–ª,"8,3 –≥","2,1 –≥","54,9 –≥"
–ë–∞–≥–µ—Ç –ß–µ—Å–Ω–æ—á–Ω—ã–π [–ü—è—Ç–µ—Ä–æ—á–∫–∞],320 –∫–ö–∞–ª,7 –≥,13 –≥,44 –≥
–ë–∞–≥–µ—Ç –®–∞–ª–µ –§–∏—Ç–Ω–µ—Å [–ü—è—Ç–µ—Ä–æ—á–∫–∞],314 –∫–ö–∞–ª,"9,5 –≥","1,7 –≥","68,5 –≥"
–ë–∞–Ω–∞–Ω [–ü—è—Ç–µ—Ä–æ—á–∫–∞],89 –∫–ö–∞–ª,"1,1 –≥","0,3 –≥",23 –≥
–ë–∞—Ç–æ–Ω [–ü—è—Ç–µ—Ä–æ—á–∫–∞],290 –∫–ö–∞–ª,"9,5 –≥",2 –≥,59 –≥
–ë–∞—Ç–æ–Ω –ù–∞—Ä–µ–∑–Ω–æ–π [–ü—è—Ç–µ—Ä–æ—á–∫–∞],260 –∫–ö–∞–ª,"7,5 –≥",3 –≥,51 –≥
–ë–∞—Ç–æ–Ω—á–∏–∫ —Å –ß–µ—Å–Ω–æ–∫–æ–º [–ü—è—Ç–µ—Ä–æ—á–∫–∞],375 –∫–ö–∞–ª,"7,9 –≥","4,4 –≥",48 –≥
–ë–∞—Ç–æ–Ω—á–∏–∫ –°—ã—Ä–Ω—ã–π [–ü—è—Ç–µ—Ä–æ—á–∫–∞],173 –∫–ö–∞–ª,"5,3 –≥",4 –≥,32 –≥
–ë–ª–∏–Ω—ã –†–µ—Å—Ç–æ—Ä–∏—è [–ü—è—Ç–µ—Ä–æ—á–∫–∞],246 –∫–ö–∞–ª,"5,4 –≥","14,4 –≥","23,7 –≥"
–ë–ª–∏–Ω—ã –¢–≤–æ—Ä–æ–∂–Ω—ã–µ–∞–Ω [–ü—è—Ç–µ—Ä–æ—á–∫–∞],158 –∫–ö–∞–ª,16 –≥,"5,4 –≥","11,6 –≥"
–ë—Ä–µ—Ü–µ–ª—å —Å –ö—É–Ω–∂—É—Ç–æ–º [–ü—è—Ç–µ—Ä–æ—á–∫–∞],330 –∫–ö–∞–ª,10 –≥,"7,5 –≥",56 –≥
–ë—É–ª–æ—á–∫–∞ –î–∞–ª–ª–∞—Å [–ü—è—Ç–µ—Ä–æ—á–∫–∞],406 –∫–ö–∞–ª,9 –≥,"16,9 –≥","54,5 –≥"
–ë—É–ª–æ—á–∫–∞ –∏–∑ –ü—à–µ–Ω–∏—á–Ω–æ–π –ú—É–∫–∏ —Å –ö—É–Ω–∂—É—Ç–æ–º [–ü—è—Ç–µ—Ä–æ—á–∫–∞],274 –∫–ö–∞–ª,"8,9 –≥","3,1 –≥","52,4 –≥"
–ë—É–ª–æ—á–∫–∞ –¢–µ—Ö–∞—Å [–ü—è—Ç–µ—Ä–æ—á–∫–∞],401 –∫–ö–∞–ª,"8,9 –≥",15 –≥,"57,5 –≥"
–ë—É–ª—å–æ–Ω –∏–∑ –ë–∞—Ä–∞–Ω–∏–Ω—ã [–ü—è—Ç–µ—Ä–æ—á–∫–∞],70 –∫–ö–∞–ª,5 –≥,5 –≥,3 –≥
–ë—É—à–µ –ë–∞–≥–µ—Ç –õ–µ—Ç–Ω–∏–π [–ü—è—Ç–µ—Ä–æ—á–∫–∞],277 –∫–ö–∞–ª,"9,3 –≥","1,6 –≥","56,5 –≥"
–ë—É—à–µ –ì–∏–ø—Ñ–µ–ª—å —Å –ù–∞—á–∏–Ω–∫–æ–π –ö—Ä–µ–º [–ü—è—Ç–µ—Ä–æ—á–∫–∞],333 –∫–ö–∞–ª,"4,7 –≥","17,5 –≥","39,1 –≥"
–ë—É—à–µ –†–æ–∑–∞–Ω —Å –Ø–±–ª–æ–∫–æ–º [–ü—è—Ç–µ—Ä–æ—á–∫–∞],257 –∫–ö–∞–ª,3 –≥,12 –≥,35 –≥
–ë—É—à–µ –¢—É—Ä–Ω–æ–≤–µ—Ä —Å –°—ã—Ä–æ–º –∏ –í–µ—Ç—á–∏–Ω–æ–π [–ü—è—Ç–µ—Ä–æ—á–∫–∞],370 –∫–ö–∞–ª,"8,1 –≥","25,5 –≥",27 –≥
–ë—É—à–µ –•–ª–µ–± –ü–∏—Ç–µ—Ä—Å–∫–∏–π [–ü—è—Ç–µ—Ä–æ—á–∫–∞],210 –∫–ö–∞–ª,"7,4 –≥","1,2 –≥","42,6 –≥"
–í–∞—Ç—Ä—É—à–∫–∞ –ö –ß–∞—é [–ü—è—Ç–µ—Ä–æ—á–∫–∞],260 –∫–ö–∞–ª,13 –≥,8 –≥,35 –≥
–í–∏–Ω–æ [–ü—è—Ç–µ—Ä–æ—á–∫–∞],14 –∫–ö–∞–ª,0 –≥,0 –≥,"3,5 –≥"
–í–∏–Ω–æ–≥—Ä–∞–¥ –°—É—à–µ–Ω—ã–π –°–≤–µ—Ç–ª—ã–π [–ü—è—Ç–µ—Ä–æ—á–∫–∞],296 –∫–ö–∞–ª,2 –≥,"0,5 –≥",72 –≥
–í–∏–Ω–æ–≥—Ä–∞–¥ –¢–∞–π—Ñ–∏ [–ü—è—Ç–µ—Ä–æ—á–∫–∞],65 –∫–ö–∞–ª,"0,6 –≥","0,2 –≥","16,8 –≥"
–ì–µ–º–∞—Ç–æ–≥–µ–Ω —Å –í–∏—Ç–∞–º–∏–Ω–æ–º —Å [–ü—è—Ç–µ—Ä–æ—á–∫–∞],250 –∫–ö–∞–ª,7 –≥,3 –≥,54 –≥
–ì–µ—Ä–∫—É–ª–µ—Å –•–ª–æ–ø—å—è –û–≤—Å—è–Ω—ã–µ [–ü—è—Ç–µ—Ä–æ—á–∫–∞],348 –∫–ö–∞–ª,"11,5 –≥","3,3 –≥","64,8 –≥"
–ì–∏–ø—Ñ–µ–ª—å —Å –ö–ª—É–±–Ω–∏–∫–æ–π [–ü—è—Ç–µ—Ä–æ—á–∫–∞],361 –∫–ö–∞–ª,"4,7 –≥",17 –≥,"47,2 –≥"
–ì–∏–ø—Ñ–µ–ª—å —Å –ù–∞—á–∏–Ω–∫–æ–π –°–º–æ—Ä–æ–¥–∏–Ω–∞ [–ü—è—Ç–µ—Ä–æ—á–∫–∞],347 –∫–ö–∞–ª,5 –≥,17 –≥,44 –≥
–ì—Ä–µ–π–ø—Ñ—Ä—É—Ç [–ü—è—Ç–µ—Ä–æ—á–∫–∞],29 –∫–ö–∞–ª,"0,7 –≥","0,2 –≥","6,5 –≥"
–ì—Ä–µ–π–ø—Ñ—Ä—É—Ç –°–≤–∏—Ç–∏ [–ü—è—Ç–µ—Ä–æ—á–∫–∞],58 –∫–ö–∞–ª,"0,7 –≥","0,2 –≥",9 –≥
–ì—Ä–µ—á–∫–∞ [–ü—è—Ç–µ—Ä–æ—á–∫–∞],334 –∫–ö–∞–ª,12 –≥,2 –≥,67 –≥
–ì—Ä—É–¥–∫–∞ –ö—É—Ä–∏–Ω–∞—è [–ü—è—Ç–µ—Ä–æ—á–∫–∞],170 –∫–ö–∞–ª,19 –≥,10 –≥,0 –≥
–ì—Ä—É—à–∞ –ñ–µ–ª—Ç–∞—è [–ü—è—Ç–µ—Ä–æ—á–∫–∞],44 –∫–ö–∞–ª,"0,4 –≥","0,3 –≥","10,3 –≥"
–ì—Ä—É—à–∞ –ö–∏—Ç–∞–π—Å–∫–∞—è [–ü—è—Ç–µ—Ä–æ—á–∫–∞],42 –∫–ö–∞–ª,"0,5 –≥","0,2 –≥","7,1 –≥"
–ì—Ä—É—à–∞ –ö–æ–Ω—Ñ–µ—Ä–µ–Ω—Ü–∏—è [–ü—è—Ç–µ—Ä–æ—á–∫–∞],48 –∫–ö–∞–ª,"0,7 –≥","0,9 –≥","11,7 –≥"
–ì—Ä—É—à–∞ –ö—Ä–∞—Å–Ω–∞—è [–ü—è—Ç–µ—Ä–æ—á–∫–∞],58 –∫–ö–∞–ª,"0,7 –≥","0,7 –≥",10 –≥
–ì—Ä—É—à–∞ –°–µ–∑–æ–Ω–Ω–∞—è [–ü—è—Ç–µ—Ä–æ—á–∫–∞],42 –∫–ö–∞–ª,"0,4 –≥","0,3 –≥","10,9 –≥"
–î–∏–ø –∏–∑ –¢—É–Ω—Ü–∞ [–ü—è—Ç–µ—Ä–æ—á–∫–∞],132 –∫–ö–∞–ª,"11,7 –≥","8,5 –≥","1,5 –≥"
–î–æ–Ω–∞—Ç [–ü—è—Ç–µ—Ä–æ—á–∫–∞],320 –∫–ö–∞–ª,"5,9 –≥","14,4 –≥","39,3 –≥"
–î–æ–Ω–∞—Ç –û—Ä–µ—Ö–æ–≤—ã–π [–ü—è—Ç–µ—Ä–æ—á–∫–∞],329 –∫–ö–∞–ª,5 –≥,21 –≥,31 –≥
–î–æ–Ω–∞—Ç —Å –ö–ª—É–±–Ω–∏—á–Ω–æ–π –ù–∞—á–∏–Ω–∫–æ–π [–ü—è—Ç–µ—Ä–æ—á–∫–∞],417 –∫–ö–∞–ª,"4,8 –≥",24 –≥,47 –≥
–î–æ–Ω–∞—Ç —Å –û—Ä–µ—Ö–æ–≤–æ–π –ù–∞—á–∏–Ω–∫–æ–π [–ü—è—Ç–µ—Ä–æ—á–∫–∞],329 –∫–ö–∞–ª,5 –≥,21 –≥,35 –≥
–î—ã–Ω—è –≠—Ñ–∏–æ–ø–∫–∞ [–ü—è—Ç–µ—Ä–æ—á–∫–∞],34 –∫–ö–∞–ª,"0,8 –≥","0,2 –≥",8 –≥
–ó–∞–ø–µ–∫–∞–Ω–∫–∞ –∏–∑ –¢–≤–æ—Ä–æ–≥–∞ [–ü—è—Ç–µ—Ä–æ—á–∫–∞],199 –∫–ö–∞–ª,18 –≥,"5,4 –≥","19,6 –≥"
–ó–∞–ø–µ–∫–∞–Ω–∫–∞ –∏–∑ –¢–≤–æ—Ä–æ–≥–∞ —Å –ò–∑—é–º–æ–º [–ü—è—Ç–µ—Ä–æ—á–∫–∞],219 –∫–ö–∞–ª,"14,2 –≥","2,7 –≥","34,6 –≥"
–ó–µ—Ñ–∏—Ä –í–∞–Ω–∏–ª—å–Ω—ã–π [–ü—è—Ç–µ—Ä–æ—á–∫–∞],310 –∫–ö–∞–ª,1 –≥,0 –≥,81 –≥
–ô–æ–≥—É—Ä—Ç [–ü—è—Ç–µ—Ä–æ—á–∫–∞],75 –∫–ö–∞–ª,"2,8 –≥","2,5 –≥","10,2 –≥"
–ö–∞–∫–∞–æ [–ü—è—Ç–µ—Ä–æ—á–∫–∞],370 –∫–ö–∞–ª,5 –≥,2 –≥,85 –≥
–ö–∞–ø—É—Å—Ç–∞ –ö–≤–∞—à–µ–Ω–∞—è –ø–æ-–î–µ—Ä–µ–≤–µ–Ω—Å–∫–∏ [–ü—è—Ç–µ—Ä–æ—á–∫–∞],30 –∫–ö–∞–ª,"1,7 –≥","0,1 –≥",5 –≥
–ö–∞—Ä–º–∞—à–µ–∫ —Å –ì—Ä–∏–±–Ω–æ–π –ù–∞—á–∏–Ω–∫–æ–π [–ü—è—Ç–µ—Ä–æ—á–∫–∞],330 –∫–ö–∞–ª,"5,7 –≥","20,6 –≥","30,2 –≥"
–ö–∞—Ä—Ç–æ—à–∫–∞ [–ü—è—Ç–µ—Ä–æ—á–∫–∞],76 –∫–ö–∞–ª,2 –≥,"0,4 –≥","16,1 –≥"
–ö–∞—à–∞ –ë—ã—Å—Ç—Ä–æ–≥–æ –ü—Ä–∏–≥–æ—Ç–æ–≤–ª–µ–Ω–∏—è –û–≤—Å—è–Ω–∞—è —Å –ö–ª—É–±–Ω–∏–∫–æ–π [–ü—è—Ç–µ—Ä–æ—á–∫–∞],290 –∫–ö–∞–ª,"9,5 –≥","4,5 –≥",54 –≥
–ö–∞—à–∞ –û–≤—Å—è–Ω–∞—è [–ü—è—Ç–µ—Ä–æ—á–∫–∞],299 –∫–ö–∞–ª,"9,5 –≥",5 –≥,54 –≥
–ö–∞—à–∞ –û–≤—Å—è–Ω–∞—è —Å –ê–±—Ä–∏–∫–æ—Å–æ–º [–ü—è—Ç–µ—Ä–æ—á–∫–∞],310 –∫–ö–∞–ª,10 –≥,5 –≥,55 –≥
–ö–µ–∫—Å –ú–∞—Ñ—Ñ–∏–Ω —Å –í–∞–Ω–∏–ª–∏–Ω–æ–º [–ü—è—Ç–µ—Ä–æ—á–∫–∞],426 –∫–ö–∞–ª,"5,2 –≥","22,8 –≥",50 –≥
–ö–µ–∫—Å –ú–∞—Ñ—Ñ–∏–Ω –®–æ–∫–æ–ª–∞–¥–Ω—ã–π [–ü—è—Ç–µ—Ä–æ—á–∫–∞],410 –∫–ö–∞–ª,"5,5 –≥",22 –≥,"47,5 –≥"
–ö–µ—Ç–∞ [–ü—è—Ç–µ—Ä–æ—á–∫–∞],184 –∫–ö–∞–ª,"24,3 –≥","9,6 –≥",0 –≥
–ö–µ—Ñ–∏—Ä [–ü—è—Ç–µ—Ä–æ—á–∫–∞],28 –∫–ö–∞–ª,3 –≥,0 –≥,4 –≥
–ö–∏–≤–∏ [–ü—è—Ç–µ—Ä–æ—á–∫–∞],61 –∫–ö–∞–ª,"1,1 –≥","0,5 –≥",15 –≥
–ö–æ–ª–±–∞—Å–∫–∞ –ö–æ–Ω–¥–∏—Ç–µ—Ä—Å–∫–∞—è [–ü—è—Ç–µ—Ä–æ—á–∫–∞],300 –∫–ö–∞–ª,5 –≥,13 –≥,40 –≥
–ö–æ–Ω–≤–µ—Ä—Ç —Å –í–µ—Ç—á–∏–Ω–æ–π –∏ –°—ã—Ä–æ–º [–ü—è—Ç–µ—Ä–æ—á–∫–∞],310 –∫–ö–∞–ª,15 –≥,18 –≥,22 –≥
–ö–æ–Ω–≤–µ—Ä—Ç–∏–∫ —Å –í–∏—à–Ω–µ–≤–æ–π –ù–∞—á–∏–Ω–∫–æ–π [–ü—è—Ç–µ—Ä–æ—á–∫–∞],403 –∫–ö–∞–ª,"5,2 –≥","19,2 –≥","52,4 –≥"
–ö–æ–Ω–≤–µ—Ä—Ç–∏–∫ —Å –ß–µ—Ä–Ω–∏—á–Ω–æ–π –ù–∞—á–∏–Ω–∫–æ–π [–ü—è—Ç–µ—Ä–æ—á–∫–∞],403 –∫–ö–∞–ª,5 –≥,19 –≥,52 –≥
–ö—Ä–∞–±–æ–≤—ã–µ –ü–∞–ª–æ—á–∫–∏ [–ü—è—Ç–µ—Ä–æ—á–∫–∞],97 –∫–ö–∞–ª,"5,6 –≥","0,4 –≥","17,7 –≥"
–ö—Ä–µ–≤–µ—Ç–∫–∏ –ú–µ–ª–∫–∏–µ [–ü—è—Ç–µ—Ä–æ—á–∫–∞],110 –∫–ö–∞–ª,19 –≥,2 –≥,"2,5 –≥"
–ö—Ä—É–∞—Å—Å–∞–Ω —Å –ú–∞—Å–ª–æ–º [–ü—è—Ç–µ—Ä–æ—á–∫–∞],358 –∫–ö–∞–ª,"7,6 –≥",17 –≥,42 –≥
–ö—Ä—É–∞—Å—Å–∞–Ω —Å –®–æ–∫–æ–ª–∞–¥–Ω–æ-–û—Ä–µ—Ö–æ–≤–æ–π –ù–∞—á–∏–Ω–∫–æ–π [–ü—è—Ç–µ—Ä–æ—á–∫–∞],450 –∫–ö–∞–ª,6 –≥,28 –≥,46 –≥
–ö—Ä—É–∞—Å—Å–∞–Ω —Å –®–æ–∫–æ–ª–∞–¥–Ω–æ–π –ù–∞—á–∏–Ω–∫–æ–π [–ü—è—Ç–µ—Ä–æ—á–∫–∞],368 –∫–ö–∞–ª,"4,5 –≥",22 –≥,"37,9 –≥"
–ö—Ä—É–∞—Å—Å–∞–Ω –°–ª–∏–≤–æ—á–Ω—ã–π [–ü—è—Ç–µ—Ä–æ—á–∫–∞],340 –∫–ö–∞–ª,8 –≥,20 –≥,33 –≥
–ö—Ä—É–ø–∞ –ì—Ä–µ—á–Ω–µ–≤–∞—è –Ø–¥—Ä–∏—Ü–∞ [–ü—è—Ç–µ—Ä–æ—á–∫–∞],329 –∫–ö–∞–ª,"12,6 –≥","2,6 –≥",68 –≥
–ö—Ä—ã–ª—å—è –ö—É—Ä–∏–Ω—ã–µ –ì—Ä–∏–ª—å [–ü—è—Ç–µ—Ä–æ—á–∫–∞],207 –∫–ö–∞–ª,"21,1 –≥","13,6 –≥",0 –≥
–ö—É–∫—É—Ä—É–∑–Ω—ã–µ –ü–∞–ª–æ—á–∫–∏ [–ü—è—Ç–µ—Ä–æ—á–∫–∞],470 –∫–ö–∞–ª,6 –≥,14 –≥,80 –≥
–ö—É—Ä–∞–≥–∞ [–ü—è—Ç–µ—Ä–æ—á–∫–∞],234 –∫–ö–∞–ª,"5,2 –≥","0,5 –≥",55 –≥
–ö—É—Ä–∏–Ω—ã–µ –ü—É–ø–∫–∏ –û—Ç–≤–∞—Ä–Ω—ã–µ [–ü—è—Ç–µ—Ä–æ—á–∫–∞],81 –∫–ö–∞–ª,"14,6 –≥","2,5 –≥","0,4 –≥"
–ö—É—Ä–∏—Ü–∞ [–ü—è—Ç–µ—Ä–æ—á–∫–∞],190 –∫–ö–∞–ª,16 –≥,14 –≥,0 –≥
–ö—É—Ä–∏—Ü–∞ –ì—Ä–∏–ª—å [–ü—è—Ç–µ—Ä–æ—á–∫–∞],170 –∫–ö–∞–ª,19 –≥,10 –≥,0 –≥
–ö—É—Ä–Ω–∏–∫ —Å –ö—É—Ä–∏—Ü–µ–π –∏ –ö–∞—Ä—Ç–æ—Ñ–µ–ª–µ–º [–ü—è—Ç–µ—Ä–æ—á–∫–∞],300 –∫–ö–∞–ª,"10,5 –≥","12,5 –≥",35 –≥
–õ–∞–≤–∞—à –ê—Ä–º—è–Ω—Å–∫–∏–π –û—Ç –ë–∞–¥–∞–ª–æ–≤–∞ [–ü—è—Ç–µ—Ä–æ—á–∫–∞],280 –∫–ö–∞–ª,9 –≥,1 –≥,56 –≥
–õ–∞–≤–∞—à –ê—Ä–º—è–Ω—Å–∫–∏–π –¢–æ–Ω–∫–∏–π [–ü—è—Ç–µ—Ä–æ—á–∫–∞],197 –∫–ö–∞–ª,"6,3 –≥","0,7 –≥","40,8 –≥"
–õ–∞–≤–∞—à –¢–æ–Ω–∫–∏–π –ì–∞–ª—Å—Ç—è–Ω [–ü—è—Ç–µ—Ä–æ—á–∫–∞],277 –∫–ö–∞–ª,"9,3 –≥",0 –≥,"57,6 –≥"
–õ–µ–ø–µ—à–∫–∞ —Å –°–æ—É—Å–æ–º –ü–µ—Å—Ç–æ [–ü—è—Ç–µ—Ä–æ—á–∫–∞],467 –∫–ö–∞–ª,14 –≥,22 –≥,53 –≥
–õ–µ–ø–µ—à–∫–∞ –£–∑–±–µ–∫—Å–∫–∞—è [–ü—è—Ç–µ—Ä–æ—á–∫–∞],217 –∫–ö–∞–ª,"12,3 –≥","5,4 –≥","29,7 –≥"
–õ–∏–º–æ–Ω [–ü—è—Ç–µ—Ä–æ—á–∫–∞],34 –∫–ö–∞–ª,"0,9 –≥","0,1 –≥",3 –≥
–õ—É–∫ –ö—Ä–∞—Å–Ω—ã–π [–ü—è—Ç–µ—Ä–æ—á–∫–∞],42 –∫–ö–∞–ª,"1,4 –≥",0 –≥,"9,1 –≥"
–õ—É–∫ –†–µ–ø—á–∞—Ç—ã–π [–ü—è—Ç–µ—Ä–æ—á–∫–∞],41 –∫–ö–∞–ª,"1,4 –≥",0 –≥,"10,4 –≥"
–õ—å–Ω—è–Ω–∞—è –ö–∞—à–∞ [–ü—è—Ç–µ—Ä–æ—á–∫–∞],560 –∫–ö–∞–ª,21 –≥,44 –≥,12 –≥
–ú–∞–Ω–≥–æ [–ü—è—Ç–µ—Ä–æ—á–∫–∞],60 –∫–ö–∞–ª,"0,8 –≥","0,4 –≥","13,4 –≥"
–ú–∞–Ω–∫–∞ [–ü—è—Ç–µ—Ä–æ—á–∫–∞],328 –∫–ö–∞–ª,"10,3 –≥",1 –≥,"67,4 –≥"
–ú–∞—Ä–º–µ–ª–∞–¥ [–ü—è—Ç–µ—Ä–æ—á–∫–∞],320 –∫–ö–∞–ª,0 –≥,0 –≥,81 –≥
–ú–∞—Å–ª–æ –°–ª–∏–≤–æ—á–Ω–æ–µ [–ü—è—Ç–µ—Ä–æ—á–∫–∞],661 –∫–ö–∞–ª,"0,8 –≥","82,5 –≥","1,3 –≥"
–ú–∞—Ç–Ω–∞–∫–∞—à [–ü—è—Ç–µ—Ä–æ—á–∫–∞],225 –∫–ö–∞–ª,"8,1 –≥",1 –≥,46 –≥
–ú–µ–¥–∞–ª—å–æ–Ω —Å–æ –õ—å–Ω–æ–º [–ü—è—Ç–µ—Ä–æ—á–∫–∞],370 –∫–ö–∞–ª,"7,8 –≥","17,1 –≥","46,4 –≥"
–ú–∏–Ω–¥–∞–ª—å –ñ–∞—Ä–µ–Ω—ã–π [–ü—è—Ç–µ—Ä–æ—á–∫–∞],640 –∫–ö–∞–ª,19 –≥,55 –≥,17 –≥
–ú–∏–Ω–∏ –ë–∞–≥–µ—Ç [–ü—è—Ç–µ—Ä–æ—á–∫–∞],270 –∫–ö–∞–ª,"8,4 –≥","1,2 –≥","54,9 –≥"
–ú–∏–Ω–∏ –ë–∞–≥–µ—Ç —Å –õ—É–∫–æ–º [–ü—è—Ç–µ—Ä–æ—á–∫–∞],263 –∫–ö–∞–ª,"8,5 –≥","1,2 –≥","53,3 –≥"
–ú–∏–Ω–∏ –ë–∞–≥–µ—Ç —Å –ß–µ—Å–Ω–æ—á–Ω—ã–º –ú–∞—Å–ª–æ–º [–ü—è—Ç–µ—Ä–æ—á–∫–∞],279 –∫–ö–∞–ª,7 –≥,"8,4 –≥",43 –≥
–ú–∏–Ω—Ç–∞–π [–ü—è—Ç–µ—Ä–æ—á–∫–∞],72 –∫–ö–∞–ª,"15,9 –≥","0,9 –≥",0 –≥
–ú–æ–ª–æ–∫–æ [–ü—è—Ç–µ—Ä–æ—á–∫–∞],60 –∫–ö–∞–ª,3 –≥,"3,2 –≥","4,7 –≥"
"–ú–æ–ª–æ–∫–æ 2,5% [–ü—è—Ç–µ—Ä–æ—á–∫–∞]",53 –∫–ö–∞–ª,3 –≥,"2,5 –≥","4,7 –≥"
"–ú–æ–ª–æ–∫–æ 3,2% [–ü—è—Ç–µ—Ä–æ—á–∫–∞]",60 –∫–ö–∞–ª,3 –≥,"3,2 –≥","4,7 –≥"
–ú–æ—Ä–æ–∂–µ–Ω–æ–µ [–ü—è—Ç–µ—Ä–æ—á–∫–∞],180 –∫–ö–∞–ª,4 –≥,8 –≥,22 –≥
–ù–µ–∫—Ç–∞—Ä –ú–∞–Ω–≥–æ–≤—ã–π —Å –ú—è–∫–æ—Ç—å—é [–ü—è—Ç–µ—Ä–æ—á–∫–∞],48 –∫–ö–∞–ª,0 –≥,0 –≥,12 –≥
–ù–µ–∫—Ç–∞—Ä –ú–æ—Ä–∫–æ–≤–Ω–æ-–Ø–±–ª–æ—á–Ω—ã–π [–ü—è—Ç–µ—Ä–æ—á–∫–∞],20 –∫–ö–∞–ª,"0,5 –≥",0 –≥,5 –≥
–ù–µ–∫—Ç–∞—Ä –ú–æ—Ä–∫–æ–≤–Ω—ã–π —Å –ú—è–∫–æ—Ç—å—é [–ü—è—Ç–µ—Ä–æ—á–∫–∞],25 –∫–ö–∞–ª,"0,5 –≥",0 –≥,"5,5 –≥"
–ù–µ–∫—Ç–∞—Ä–∏–Ω [–ü—è—Ç–µ—Ä–æ—á–∫–∞],44 –∫–ö–∞–ª,"1,1 –≥","0,3 –≥",11 –≥
–û–≤—Å—è–Ω–∫–∞ –ê–Ω [–ü—è—Ç–µ—Ä–æ—á–∫–∞],103 –∫–ö–∞–ª,"4,4 –≥","3,8 –≥","11,8 –≥"
–û–≤—Å—è–Ω–æ–µ –ü–µ—á–µ–Ω—å–µ [–ü—è—Ç–µ—Ä–æ—á–∫–∞],400 –∫–ö–∞–ª,6 –≥,11 –≥,69 –≥
–û–≥—É—Ä–µ—Ü –°–≤–µ–∂–∏–π [–ü—è—Ç–µ—Ä–æ—á–∫–∞],15 –∫–ö–∞–ª,"0,8 –≥","0,1 –≥","2,8 –≥"
–ü–∞–ª–æ—á–∫–∞ –°—ã—Ä–Ω–∞—è [–ü—è—Ç–µ—Ä–æ—á–∫–∞],441 –∫–ö–∞–ª,10 –≥,26 –≥,40 –≥
–ü–µ—Ä—Å–∏–∫ [–ü—è—Ç–µ—Ä–æ—á–∫–∞],45 –∫–ö–∞–ª,"0,9 –≥","0,1 –≥","9,5 –≥"
–ü–µ—á–µ–Ω—å–µ Roleo [–ü—è—Ç–µ—Ä–æ—á–∫–∞],393 –∫–ö–∞–ª,5 –≥,20 –≥,72 –≥
–ü–µ—á–µ–Ω—å–µ –ö–æ–ª—å—Ü–∞ [–ü—è—Ç–µ—Ä–æ—á–∫–∞],457 –∫–ö–∞–ª,"7,2 –≥","14,3 –≥","75,1 –≥"
–ü–∏—Ä–æ–≥ —Å –ë—Ä—É—Å–Ω–∏–∫–æ–π [–ü—è—Ç–µ—Ä–æ—á–∫–∞],409 –∫–ö–∞–ª,5 –≥,23 –≥,46 –≥
–ü–∏—Ä–æ–≥ —Å –ö–∞–ø—É—Å—Ç–æ–π –∏ –Ø–π—Ü–æ–º [–ü—è—Ç–µ—Ä–æ—á–∫–∞],257 –∫–ö–∞–ª,8 –≥,14 –≥,25 –≥
–ü–∏—Ä–æ–∂–æ–∫ –î–æ–º–∞—à–Ω–∏–π —Å –ö–∞—Ä—Ç–æ—Ñ–µ–ª–µ–º [–ü—è—Ç–µ—Ä–æ—á–∫–∞],118 –∫–ö–∞–ª,3 –≥,"1,5 –≥",23 –≥
–ü–∏—Ä–æ–∂–æ–∫ –î—Ä–æ–∂–∂–µ–≤–æ–π —Å –ß–µ—Ä–Ω–∏–∫–æ–π [–ü—è—Ç–µ—Ä–æ—á–∫–∞],301 –∫–ö–∞–ª,"4,6 –≥","14,1 –≥","38,5 –≥"
–ü–∏—Ä–æ–∂–æ–∫ —Å –ö–∞–ø—É—Å—Ç–æ–π [–ü—è—Ç–µ—Ä–æ—á–∫–∞],229 –∫–ö–∞–ª,"4,9 –≥","6,2 –≥","38,5 –≥"
–ü–∏—Ä–æ–∂–æ–∫ —Å –ö–∞—Ä—Ç–æ—à–∫–æ–π [–ü—è—Ç–µ—Ä–æ—á–∫–∞],229 –∫–ö–∞–ª,"5,2 –≥",7 –≥,36 –≥
–ü–∏—Ä–æ–∂–æ–∫ —Å –ú—è—Å–æ–º/–ö–∞—Ä—Ç–æ—Ñ–µ–ª–µ–º [–ü—è—Ç–µ—Ä–æ—á–∫–∞],315 –∫–ö–∞–ª,"9,9 –≥","19,6 –≥","24,8 –≥"
–ü–∏—Ä–æ–∂–æ–∫ —Å –°–æ—Å–∏—Å–∫–æ–π [–ü—è—Ç–µ—Ä–æ—á–∫–∞],370 –∫–ö–∞–ª,8 –≥,25 –≥,27 –≥
–ü–∏—Ü—Ü–∞ —Å –í–µ—Ç—á–∏–Ω–æ–π [–ü—è—Ç–µ—Ä–æ—á–∫–∞],259 –∫–ö–∞–ª,10 –≥,11 –≥,30 –≥
–ü–æ–º–µ–ª–æ [–ü—è—Ç–µ—Ä–æ—á–∫–∞],32 –∫–ö–∞–ª,"0,6 –≥","0,2 –≥","6,7 –≥"
–ü–æ–º–∏–¥–æ—Ä—ã [–ü—è—Ç–µ—Ä–æ—á–∫–∞],20 –∫–ö–∞–ª,"1,1 –≥","0,2 –≥","3,7 –≥"
–ü–æ–Ω—á–∏–∫ [–ü—è—Ç–µ—Ä–æ—á–∫–∞],361 –∫–ö–∞–ª,"6,4 –≥","24,5 –≥",30 –≥
–ü–æ–Ω—á–∏–∫ –ì–ª–∞–∑–∏—Ä–æ–≤–∞–Ω–Ω—ã–π —Å –ù–∞—á–∏–Ω–∫–æ–π —Å–æ –í–∫—É—Å–æ–º –®–æ–∫–æ–ª–∞–¥–∞ [–ü—è—Ç–µ—Ä–æ—á–∫–∞],320 –∫–ö–∞–ª,"5,9 –≥","14,4 –≥","39,3 –≥"
–ü–æ–Ω—á–∏–∫–∏ –ë–µ—Ä–ª–∏–Ω—Å–∫–∏–µ [–ü—è—Ç–µ—Ä–æ—á–∫–∞],470 –∫–ö–∞–ª,7 –≥,21 –≥,65 –≥
–ü–æ–Ω—á–∏–∫–∏ –ë–µ—Ä–ª–∏–Ω—Å–∫–∏–µ —Å –í–∞—Ä—ë–Ω–æ–π –°–≥—É—â—ë–Ω–∫–æ–π [–ü—è—Ç–µ—Ä–æ—á–∫–∞],460 –∫–ö–∞–ª,"7,5 –≥",22 –≥,58 –≥
–ü–æ–Ω—á–∏–∫–∏ –ë–µ—Ä–ª–∏–Ω—Å–∫–∏–µ —Å –®–æ–∫–æ–ª–∞–¥–Ω—ã–º –ú—É—Å—Å–æ–º [–ü—è—Ç–µ—Ä–æ—á–∫–∞],470 –∫–ö–∞–ª,"6,5 –≥",26 –≥,51 –≥
"–ü–æ–Ω—á–∏–∫–∏ —Å –ö—Ä–µ–º–æ–º ""–ë–µ—Ä–ª–∏–Ω—Å–∫–∏–µ"" [–ü—è—Ç–µ—Ä–æ—á–∫–∞]",470 –∫–ö–∞–ª,7 –≥,21 –≥,65 –≥
–ü–æ–ø–∫–æ—Ä–Ω [–ü—è—Ç–µ—Ä–æ—á–∫–∞],400 –∫–ö–∞–ª,5 –≥,7 –≥,70 –≥
–†–µ–¥–∏—Å [–ü—è—Ç–µ—Ä–æ—á–∫–∞],19 –∫–ö–∞–ª,"1,2 –≥","0,1 –≥","3,4 –≥"
–†–∂–∞–Ω–æ–π –ë–∞–≥–µ—Ç —Å –ß–µ—Å–Ω–æ–∫–æ–º [–ü—è—Ç–µ—Ä–æ—á–∫–∞],300 –∫–ö–∞–ª,"6,5 –≥",14 –≥,45 –≥
–†–∏—Å —Å –ö—É—Ä–∏—Ü–µ–π –∏ –û–≤–æ—â–∞–º–∏ [–ü—è—Ç–µ—Ä–æ—á–∫–∞],90 –∫–ö–∞–ª,"6,6 –≥","3,5 –≥","8,5 –≥"
–†–æ–∂–æ–∫ —Å –°–æ—Å–∏—Å–∫–æ–π [–ü—è—Ç–µ—Ä–æ—á–∫–∞],270 –∫–ö–∞–ª,7 –≥,14 –≥,29 –≥
–†–æ–∑–∞–Ω —Å –ê–±—Ä–∏–∫–æ—Å–æ–º [–ü—è—Ç–µ—Ä–æ—á–∫–∞],304 –∫–ö–∞–ª,"3,1 –≥","12,5 –≥","44,6 –≥"
–†–æ–∑–∞–Ω —Å–æ –°–º–æ—Ä–æ–¥–∏–Ω–æ–π [–ü—è—Ç–µ—Ä–æ—á–∫–∞],289 –∫–ö–∞–ª,"3,3 –≥","12,5 –≥","40,8 –≥"
–†—É–ª–µ—Ç –ö—É—Ä–∏–Ω—ã–π [–ü—è—Ç–µ—Ä–æ—á–∫–∞],228 –∫–ö–∞–ª,"24,3 –≥",14 –≥,0 –≥
–°–∞–ª–∞—Ç –∏–∑ –°–ø–∞—Ä–∂–∏ [–ü—è—Ç–µ—Ä–æ—á–∫–∞],200 –∫–ö–∞–ª,15 –≥,15 –≥,1 –≥
–°–∞–ª–∞—Ç –°—Ç–æ–ª–∏—á–Ω—ã–π [–ü—è—Ç–µ—Ä–æ—á–∫–∞],210 –∫–ö–∞–ª,"5,7 –≥","5,3 –≥","10,4 –≥"
–°–∞–º—Å–∞ —Å –ì–æ–≤—è–¥–∏–Ω–æ–π [–ü—è—Ç–µ—Ä–æ—á–∫–∞],318 –∫–ö–∞–ª,9 –≥,18 –≥,29 –≥
–°–∞–º—Å–∞ —Å –ö—É—Ä–∏—Ü–µ–π [–ü—è—Ç–µ—Ä–æ—á–∫–∞],360 –∫–ö–∞–ª,"8,5 –≥",17 –≥,41 –≥
–°–∞–º—Å–∞ —Å –ú—è—Å–æ–º [–ü—è—Ç–µ—Ä–æ—á–∫–∞],235 –∫–ö–∞–ª,"8,1 –≥","9,3 –≥","29,7 –≥"
–°–∞—Ö–∞—Ä [–ü—è—Ç–µ—Ä–æ—á–∫–∞],400 –∫–ö–∞–ª,0 –≥,0 –≥,100 –≥
–°–≤–µ–∫–ª–∞ [–ü—è—Ç–µ—Ä–æ—á–∫–∞],43 –∫–ö–∞–ª,"1,5 –≥","0,1 –≥","8,8 –≥"
–°–≤—ë–∫–ª–∞ –°—ã—Ä–∞—è [–ü—è—Ç–µ—Ä–æ—á–∫–∞],43 –∫–ö–∞–ª,"1,6 –≥","0,2 –≥","6,8 –≥"
–°–µ–º–≥–∞ –ù–æ—Ä–≤–µ–∂—Å–∫–∞—è [–ü—è—Ç–µ—Ä–æ—á–∫–∞],164 –∫–ö–∞–ª,"16,5 –≥","10,9 –≥",0 –≥
–°—ë–º–≥–∞ –°–ª–∞–±–æ—Å–æ–ª—ë–Ω–∞—è [–ü—è—Ç–µ—Ä–æ—á–∫–∞],209 –∫–ö–∞–ª,23 –≥,13 –≥,0 –≥
–°–µ–º–µ—á–∫–∏ [–ü—è—Ç–µ—Ä–æ—á–∫–∞],660 –∫–ö–∞–ª,"25,5 –≥","65,3 –≥","5,8 –≥"
–°–∫—É–º–±—Ä–∏—è –•–æ–ª–æ–¥–Ω–æ–≥–æ –ö–æ–ø—á–µ–Ω–∏—è [–ü—è—Ç–µ—Ä–æ—á–∫–∞],150 –∫–ö–∞–ª,"23,4 –≥","6,4 –≥",0 –≥
–°–ª–∏–≤—ã [–ü—è—Ç–µ—Ä–æ—á–∫–∞],42 –∫–ö–∞–ª,"0,8 –≥","0,3 –≥","9,6 –≥"
–°–ª–æ–π–∫–∞ –î—Ä–æ–∂–∂–µ–≤–∞—è —Å –í–∏—à–Ω–µ–π [–ü—è—Ç–µ—Ä–æ—á–∫–∞],301 –∫–ö–∞–ª,"4,6 –≥","14,1 –≥","38,5 –≥"
–°–ª–æ–π–∫–∞ —Å –ê–±—Ä–∏–∫–æ—Å–æ–º [–ü—è—Ç–µ—Ä–æ—á–∫–∞],301 –∫–ö–∞–ª,"4,6 –≥","14,1 –≥","38,5 –≥"
–°–ª–æ–π–∫–∞ —Å –ê–¥—ã–≥–µ–π—Å–∫–∏–º –°—ã—Ä–æ–º –∏ –ó–µ–ª–µ–Ω—å—é [–ü—è—Ç–µ—Ä–æ—á–∫–∞],280 –∫–ö–∞–ª,13 –≥,9 –≥,38 –≥
–°–ª–æ–π–∫–∞ —Å –ì–æ–≤—è–¥–∏–Ω–æ–π [–ü—è—Ç–µ—Ä–æ—á–∫–∞],320 –∫–ö–∞–ª,9 –≥,21 –≥,24 –≥
–°–ª–æ–π–∫–∞ —Å –ö–∞–ø—É—Å—Ç–æ–π [–ü—è—Ç–µ—Ä–æ—á–∫–∞],337 –∫–ö–∞–ª,"5,7 –≥",21 –≥,30 –≥
–°–ª–æ–π–∫–∞ —Å –ö–∞—Ä—Ç–æ—Ñ–µ–ª—å–Ω–æ–π –ù–∞—á–∏–Ω–∫–æ–π [–ü—è—Ç–µ—Ä–æ—á–∫–∞],293 –∫–ö–∞–ª,"4,7 –≥","14,9 –≥","34,2 –≥"
–°–ª–æ–π–∫–∞ —Å –ö–ª—É–±–Ω–∏–∫–æ–π [–ü—è—Ç–µ—Ä–æ—á–∫–∞],340 –∫–ö–∞–ª,6 –≥,6 –≥,64 –≥
–°–ª–æ–π–∫–∞ —Å –ö—É—Ä–∏—Ü–µ–π –∏ –ì—Ä–∏–±–∞–º–∏ [–ü—è—Ç–µ—Ä–æ—á–∫–∞],325 –∫–ö–∞–ª,"7,5 –≥","20,5 –≥",28 –≥
–°–ª–æ–π–∫–∞ —Å –õ—É–∫–æ–º –∏ –Ø–π—Ü–æ–º [–ü—è—Ç–µ—Ä–æ—á–∫–∞],390 –∫–ö–∞–ª,10 –≥,14 –≥,55 –≥
–°–ª–æ–π–∫–∞ —Å –ú–∞–∫–æ–º [–ü—è—Ç–µ—Ä–æ—á–∫–∞],390 –∫–ö–∞–ª,"5,5 –≥",24 –≥,37 –≥
–°–ª–æ–π–∫–∞ —Å –ú–∞–ª–∏–Ω–æ–π [–ü—è—Ç–µ—Ä–æ—á–∫–∞],270 –∫–ö–∞–ª,"4,5 –≥",13 –≥,30 –≥
–°–ª–æ–π–∫–∞ —Å –°–æ—Å–∏—Å–∫–æ–π [–ü—è—Ç–µ—Ä–æ—á–∫–∞],346 –∫–ö–∞–ª,8 –≥,20 –≥,"33,5 –≥"
–°–ª–æ–π–∫–∞ —Å –°—ã—Ä–Ω–æ–π –ù–∞—á–∏–Ω–∫–æ–π [–ü—è—Ç–µ—Ä–æ—á–∫–∞],390 –∫–ö–∞–ª,10 –≥,23 –≥,35 –≥
–°–ª–æ–π–∫–∞ —Å –¢–≤–æ—Ä–æ–≥–æ–º –∏ –ò–∑—é–º–æ–º [–ü—è—Ç–µ—Ä–æ—á–∫–∞],290 –∫–ö–∞–ª,9 –≥,11 –≥,39 –≥
–°–ª–æ–π–∫–∞ —Å –Ø–±–ª–æ–∫–æ–º [–ü—è—Ç–µ—Ä–æ—á–∫–∞],290 –∫–ö–∞–ª,"3,5 –≥",13 –≥,39 –≥
–°–ª–æ–π–∫–∞ —Å–æ –°–º–æ—Ä–æ–¥–∏–Ω–æ–π [–ü—è—Ç–µ—Ä–æ—á–∫–∞],347 –∫–ö–∞–ª,5 –≥,17 –≥,44 –≥
–°–º–µ—Ç–∞–Ω–∞ [–ü—è—Ç–µ—Ä–æ—á–∫–∞],160 –∫–ö–∞–ª,"2,6 –≥",15 –≥,"3,6 –≥"
–°–æ–∫ [–ü—è—Ç–µ—Ä–æ—á–∫–∞],45 –∫–ö–∞–ª,0 –≥,0 –≥,11 –≥
–°–æ—á–µ–Ω—å —Å –¢–≤–æ—Ä–æ–≥–æ–º [–ü—è—Ç–µ—Ä–æ—á–∫–∞],240 –∫–ö–∞–ª,9 –≥,7 –≥,34 –≥
–°—Ç—É–¥–µ–Ω—å –°—ã—Ç–Ω—ã–π [–ü—è—Ç–µ—Ä–æ—á–∫–∞],130 –∫–ö–∞–ª,9 –≥,10 –≥,0 –≥
–°—É—Ö–æ—Ñ—Ä—É–∫—Ç—ã –∏ –û—Ä–µ—Ö–∏ [–ü—è—Ç–µ—Ä–æ—á–∫–∞],590 –∫–ö–∞–ª,"13,5 –≥","46,1 –≥","29,4 –≥"
–°—ã—Ä –ì–∞—É–¥–∞ [–ü—è—Ç–µ—Ä–æ—á–∫–∞],356 –∫–ö–∞–ª,25 –≥,27 –≥,0 –≥
–°—ã—Ä –ì–∞—É–¥–∞ 45% [–ü—è—Ç–µ—Ä–æ—á–∫–∞],338 –∫–ö–∞–ª,26 –≥,26 –≥,0 –≥
–°—ã—Ä –ì–æ–ª–ª–∞–Ω–¥—Å–∫–∏–π –ö—Ä–∞—Å–Ω–∞—è –¶–µ–Ω–∞ [–ü—è—Ç–µ—Ä–æ—á–∫–∞],332 –∫–ö–∞–ª,"26,3 –≥","25,2 –≥",0 –≥
–°—ã—Ä –ø–æ-–†–æ—Å—Å–∏–π—Å–∫–∏ –ö–ª–∞—Å—Å–∏—á–µ—Å–∫–∏–π [–ü—è—Ç–µ—Ä–æ—á–∫–∞],322 –∫–ö–∞–ª,23 –≥,28 –≥,0 –≥
–°—ã—Ä –ü–æ—à–µ—Ö–æ–Ω—Å–∫–∏–π [–ü—è—Ç–µ—Ä–æ—á–∫–∞],320 –∫–ö–∞–ª,"24,6 –≥","25,2 –≥",0 –≥
–°—ã—Ä –†–æ—Å—Å–∏–π—Å–∫–∏–π 45% [–ü—è—Ç–µ—Ä–æ—á–∫–∞],330 –∫–ö–∞–ª,"24,5 –≥","25,5 –≥",0 –≥
–°—ã—Ä –†–æ—Å—Å–∏–π—Å–∫–∏–π –ö—Ä–∞—Å–Ω–∞—è –¶–µ–Ω–∞ [–ü—è—Ç–µ—Ä–æ—á–∫–∞],342 –∫–ö–∞–ª,"22,5 –≥",28 –≥,0 –≥
–°—ã—Ä –†–æ—Å—Å–∏–π—Å–∫–∏–π –ö—Ä–∞—Å–Ω–∞—è –¶–µ–Ω–∞ [–ü—è—Ç–µ—Ä–æ—á–∫–∞],342 –∫–ö–∞–ª,"22,5 –≥",28 –≥,0 –≥
–°—ã—Ä –°–ª–∏–≤–æ—á–Ω—ã–π –ì–æ—Ä–æ–¥ –°—ã—Ä–∞ [–ü—è—Ç–µ—Ä–æ—á–∫–∞],343 –∫–ö–∞–ª,9 –≥,"30,8 –≥","7,5 –≥"
"–°—ã—Ä –¢–≤–æ—Ä–æ–∂–Ω—ã–π ""–°–≤–µ–∂–∏–π"" [–ü—è—Ç–µ—Ä–æ—á–∫–∞]",122 –∫–ö–∞–ª,11 –≥,7 –≥,"3,8 –≥"
–°—ã—Ä –¢–∏–ª—å–∑–∏—Ç–µ—Ä [–ü—è—Ç–µ—Ä–æ—á–∫–∞],337 –∫–ö–∞–ª,25 –≥,24 –≥,0 –≥
–°—ã—Ä –¢–∏–ª—å–∑–∏—Ç–µ—Ä Liebendorf [–ü—è—Ç–µ—Ä–æ—á–∫–∞],320 –∫–ö–∞–ª,23 –≥,25 –≥,0 –≥
–°—ã—Ä –¢–æ–ø–ª–µ–Ω–æ–µ –ú–æ–ª–æ–∫–æ [–ü—è—Ç–µ—Ä–æ—á–∫–∞],353 –∫–ö–∞–ª,"24,2 –≥","24,3 –≥",0 –≥
–°—ã—Ä–Ω–∏–∫–∏ [–ü—è—Ç–µ—Ä–æ—á–∫–∞],209 –∫–ö–∞–ª,"18,5 –≥","5,7 –≥","21,4 –≥"
–°—ã—Ä–Ω–∏–∫–∏ –∏–∑ –¢–≤–æ—Ä–æ–≥–∞ –ñ–∞—Ä–µ–Ω—ã–µ –û—Ö–ª–∞–∂–¥–µ–Ω–Ω—ã–µ [–ü—è—Ç–µ—Ä–æ—á–∫–∞],214 –∫–ö–∞–ª,13 –≥,8 –≥,"22,5 –≥"
–°—ã—Ä–Ω—ã–π –ü—Ä–æ–¥—É–∫—Ç [–ü—è—Ç–µ—Ä–æ—á–∫–∞],360 –∫–ö–∞–ª,23 –≥,28 –≥,0 –≥
–°—ã—Ä–Ω—ã–π –ü—Ä–æ–¥—É–∫—Ç –†–æ—Å—Å–∏–π—Å–∫–∏–π –ö–ª–∞—Å—Å–∏—á–µ—Å–∫–∏–π [–ü—è—Ç–µ—Ä–æ—á–∫–∞],323 –∫–ö–∞–ª,"22,8 –≥","25,8 –≥",0 –≥
–°—ã—Ä–æ–∫ –¢–≤–æ—Ä–æ–∂–Ω—ã–π [–ü—è—Ç–µ—Ä–æ—á–∫–∞],363 –∫–ö–∞–ª,10 –≥,23 –≥,29 –≥
–¢–∞—Ä—Ç–∞–ª–µ—Ç–∫–∏ –¥–ª—è –ò–∫—Ä—ã [–ü—è—Ç–µ—Ä–æ—á–∫–∞],480 –∫–ö–∞–ª,"7,5 –≥",25 –≥,49 –≥
–¢–≤–∏—Å—Ç —Å –¢–≤–æ—Ä–æ–∂–Ω–æ-–õ–∏–º–æ–Ω–Ω–æ–π –ù–∞—á–∏–Ω–∫–æ–π [–ü—è—Ç–µ—Ä–æ—á–∫–∞],370 –∫–ö–∞–ª,"6,5 –≥",25 –≥,29 –≥
"–¢–≤–æ—Ä–æ–≥ 0,5% [–ü—è—Ç–µ—Ä–æ—á–∫–∞]",90 –∫–ö–∞–ª,18 –≥,"0,5 –≥","3,3 –≥"
"–¢–≤–æ—Ä–æ–≥ 1,7% [–ü—è—Ç–µ—Ä–æ—á–∫–∞]",85 –∫–ö–∞–ª,18 –≥,"1,7 –≥","3,3 –≥"
"–¢–≤–æ—Ä–æ–≥ 1,8% [–ü—è—Ç–µ—Ä–æ—á–∫–∞]",93 –∫–ö–∞–ª,18 –≥,"1,8 –≥","1,3 –≥"
–¢–≤–æ—Ä–æ–≥ 5% [–ü—è—Ç–µ—Ä–æ—á–∫–∞],121 –∫–ö–∞–ª,16 –≥,5 –≥,3 –≥
–¢–≤–æ—Ä–æ–≥ 9% [–ü—è—Ç–µ—Ä–æ—á–∫–∞],160 –∫–ö–∞–ª,16 –≥,9 –≥,3 –≥
–¢–≤–æ—Ä–æ–≥ –û–±–µ–∑–∂–∏—Ä–µ–Ω–Ω—ã–π [–ü—è—Ç–µ—Ä–æ—á–∫–∞],75 –∫–ö–∞–ª,14 –≥,"0,7 –≥","3,3 –≥"
–¢–≤–æ—Ä–æ–∂–Ω–∞—è –ó–∞–ø–µ–∫–∞–Ω–∫–∞ —Å –ò–∑—é–º–æ–º [–ü—è—Ç–µ—Ä–æ—á–∫–∞],243 –∫–ö–∞–ª,14 –≥,"6,9 –≥",31 –≥
–¢–æ–º–∞—Ç–Ω–∞—è –ü–∞—Å—Ç–∞ [–ü—è—Ç–µ—Ä–æ—á–∫–∞],82 –∫–ö–∞–ª,"4,7 –≥","0,4 –≥","14,9 –≥"
–¢–æ—Ä–Ω–∞–¥–æ –≠–Ω–µ—Ä–≥–µ—Ç–∏–∫ [–ü—è—Ç–µ—Ä–æ—á–∫–∞],55 –∫–ö–∞–ª,0 –≥,0 –≥,"13,5 –≥"
–¢—Ä–µ—Å–∫–∞ [–ü—è—Ç–µ—Ä–æ—á–∫–∞],73 –∫–ö–∞–ª,16 –≥,1 –≥,0 –≥
–¢—É—Ä–Ω–æ–≤–µ—Ä —Å –í–µ—Ç—á–∏–Ω–æ–π –∏ –°—ã—Ä–æ–º [–ü—è—Ç–µ—Ä–æ—á–∫–∞],370 –∫–ö–∞–ª,8 –≥,26 –≥,27 –≥
–¢—É—Ä–Ω–æ–≤–µ—Ä —Å –ö–∞—Ä—Ç–æ—Ñ–µ–ª–µ–º –∏ –ì—Ä–∏–±–∞–º–∏ [–ü—è—Ç–µ—Ä–æ—á–∫–∞],327 –∫–ö–∞–ª,5 –≥,20 –≥,32 –≥
–¢—ã–∫–≤–∞ –ë–∞—Ç—Ç–µ—Ä–Ω–∞—Ç [–ü—è—Ç–µ—Ä–æ—á–∫–∞],45 –∫–ö–∞–ª,1 –≥,"0,1 –≥","9,7 –≥"
–£–≥–æ–ª–æ–∫ —Å –¢–≤–æ—Ä–æ–∂–Ω–æ–π –ù–∞—á–∏–Ω–∫–æ–π [–ü—è—Ç–µ—Ä–æ—á–∫–∞],319 –∫–ö–∞–ª,"8,5 –≥","12,8 –≥","42,3 –≥"
–£–≥–æ–ª–æ–∫ —Å –Ø–±–ª–æ—á–Ω–æ–π –ù–∞—á–∏–Ω–∫–æ–π [–ü—è—Ç–µ—Ä–æ—á–∫–∞],311 –∫–ö–∞–ª,"4,8 –≥","10,5 –≥","49,1 –≥"
–£–ª–∏—Ç–∫–∞ –ì—Ä–µ—á–µ—Å–∫–∞—è —Å –ö—É—Ä–∏—Ü–µ–π –∏ –ö–∞—Ä—Ç–æ—Ñ–µ–ª–µ–º [–ü—è—Ç–µ—Ä–æ—á–∫–∞],226 –∫–ö–∞–ª,"8,7 –≥","6,7 –≥","32,6 –≥"
–£–ª–∏—Ç–∫–∞ –ì—Ä–µ—á–µ—Å–∫–∞—è —Å –ú—è—Å–æ–º [–ü—è—Ç–µ—Ä–æ—á–∫–∞],345 –∫–ö–∞–ª,8 –≥,"18,5 –≥","35,8 –≥"
–£–ª–∏—Ç–∫–∞ –ì—Ä–µ—á–µ—Å–∫–∞—è —Å –¢–≤–æ—Ä–æ–≥–æ–º [–ü—è—Ç–µ—Ä–æ—á–∫–∞],338 –∫–ö–∞–ª,"8,1 –≥","16,5 –≥","38,4 –≥"
–£–ª–∏—Ç–∫–∞ –ì—Ä–µ—á–µ—Å–∫–∞—è —Å–æ –®–ø–∏–Ω–∞—Ç–æ–º –∏ –°—ã—Ä–æ–º [–ü—è—Ç–µ—Ä–æ—á–∫–∞],248 –∫–ö–∞–ª,"7,6 –≥","9,2 –≥","33,6 –≥"
–£–ª–∏—Ç–∫–∞ –ö–æ—Å–∏—á–∫–∞ –ö–∞—Ä—Ç–æ—Ñ–µ–ª—å –ë–µ–∫–æ–Ω –®–ø–∏–Ω–∞—Ç [–ü—è—Ç–µ—Ä–æ—á–∫–∞],248 –∫–ö–∞–ª,"7,6 –≥","9,2 –≥","33,6 –≥"
–£–ª–∏—Ç–∫–∞ –ö–æ—Å–∏—á–∫–∞ –ö—É—Ä–∏—Ü–∞/–†–∏—Å/–û–≤–æ—â–∏ [–ü—è—Ç–µ—Ä–æ—á–∫–∞],231 –∫–ö–∞–ª,8 –≥,"6,5 –≥",35 –≥
–£–ª–∏—Ç–∫–∞ –ö–æ—Å–∏—á–∫–∞ –°—ã—Ä –ö–∞—Ä—Ç–æ—Ñ–µ–ª—å –ë–µ–∫–æ–Ω [–ü—è—Ç–µ—Ä–æ—á–∫–∞],230 –∫–ö–∞–ª,9 –≥,"7,5 –≥","31,5 –≥"
–£–ª–∏—Ç–∫–∞ —Å –ò–∑—é–º–æ–º –∏ –ó–∞–≤–∞—Ä–Ω—ã–º –ö—Ä–µ–º–æ–º [–ü—è—Ç–µ—Ä–æ—á–∫–∞],315 –∫–ö–∞–ª,"5,8 –≥",12 –≥,44 –≥
–£–ª–∏—Ç–∫–∞ —Å –ö—Ä–µ–º–æ–º –∏ –ö–æ—Ä–∏—Ü–µ–π [–ü—è—Ç–µ—Ä–æ—á–∫–∞],280 –∫–ö–∞–ª,"5,5 –≥",12 –≥,40 –≥
–£–ª–∏—Ç–∫–∞ —Å –ü–æ–≤–∏–¥–ª–æ–º [–ü—è—Ç–µ—Ä–æ—á–∫–∞],240 –∫–ö–∞–ª,9 –≥,7 –≥,35 –≥
–£–ª–∏—Ç–∫–∞ —Å –°—ã—Ä–æ–º –∏ –®–ø–∏–Ω–∞—Ç–æ–º [–ü—è—Ç–µ—Ä–æ—á–∫–∞],248 –∫–ö–∞–ª,"7,6 –≥","9,2 –≥","33,6 –≥"
–§–∞–≥–æ—Ç—Ç–∏–Ω–∏ —Å –ö–ª—É–±–Ω–∏–∫–æ–π [–ü—è—Ç–µ—Ä–æ—á–∫–∞],376 –∫–ö–∞–ª,6 –≥,"13,2 –≥","58,6 –≥"
–§–∞–≥–æ—Ç—Ç–∏–Ω–∏ —Å –°—ã—Ä–æ–º –∏ –í–µ—Ç—á–∏–Ω–æ–π [–ü—è—Ç–µ—Ä–æ—á–∫–∞],382 –∫–ö–∞–ª,"10,8 –≥","19,4 –≥","40,4 –≥"
–§–∞—Ä—à –ì–æ–≤—è–∂–∏–π (–†–µ—Å—Ç–æ—Ä–∏—è) [–ü—è—Ç–µ—Ä–æ—á–∫–∞],255 –∫–ö–∞–ª,12 –≥,23 –≥,0 –≥
–§–∞—Ç–∏—Ä —Å –õ—É–∫–æ–º [–ü—è—Ç–µ—Ä–æ—á–∫–∞],398 –∫–ö–∞–ª,"10,5 –≥",6 –≥,65 –≥
–§–∏–ª–µ –ì—Ä—É–¥–∫–∏ [–ü—è—Ç–µ—Ä–æ—á–∫–∞],96 –∫–ö–∞–ª,15 –≥,4 –≥,0 –≥
–§–∏–Ω–∏–∫–∏ [–ü—è—Ç–µ—Ä–æ—á–∫–∞],264 –∫–ö–∞–ª,"2,3 –≥","0,5 –≥","71,9 –≥"
–•–∞—á–∞–ø—É—Ä–∏ —Å –ö—É—Ä–∏—Ü–µ–π –∏ –ì—Ä–∏–±–∞–º–∏ [–ü—è—Ç–µ—Ä–æ—á–∫–∞],470 –∫–ö–∞–ª,15 –≥,28 –≥,40 –≥
–•–∞—á–∞–ø—É—Ä–∏ —Å –°—ã—Ä–æ–º [–ü—è—Ç–µ—Ä–æ—á–∫–∞],335 –∫–ö–∞–ª,"10,1 –≥","19,6 –≥","28,5 –≥"
–•–∞—á–∞–ø—É—Ä–∏ —Å –°—ã—Ä–æ–º –∏ –í–µ—Ç—á–∏–Ω–æ–π [–ü—è—Ç–µ—Ä–æ—á–∫–∞],572 –∫–ö–∞–ª,18 –≥,37 –≥,40 –≥
–•–ª–µ–± Sibirien Korn Brot [–ü—è—Ç–µ—Ä–æ—á–∫–∞],228 –∫–ö–∞–ª,"6,2 –≥","2,3 –≥","48,9 –≥"
–•–ª–µ–± –ë–∞–±—É—à–∫–∏–Ω [–ü—è—Ç–µ—Ä–æ—á–∫–∞],234 –∫–ö–∞–ª,"7,3 –≥","0,8 –≥","49,3 –≥"
–•–ª–µ–± –ë–æ—Ä–æ–¥–∏–Ω—Å–∫–∏–π –°–µ–º–µ—á–∫–æ [–ü—è—Ç–µ—Ä–æ—á–∫–∞],305 –∫–ö–∞–ª,"5,5 –≥","10,7 –≥","49,7 –≥"
–•–ª–µ–± –í–µ–Ω—Å–∫–∏–π [–ü—è—Ç–µ—Ä–æ—á–∫–∞],214 –∫–ö–∞–ª,12 –≥,1 –≥,"38,5 –≥"
–•–ª–µ–± –ì—Ä–µ—á–∏—à–Ω—ã–π [–ü—è—Ç–µ—Ä–æ—á–∫–∞],244 –∫–ö–∞–ª,7 –≥,3 –≥,46 –≥
–•–ª–µ–± –î–∞–Ω–∏–ª–æ–≤—Å–∫–∏–π [–ü—è—Ç–µ—Ä–æ—á–∫–∞],280 –∫–ö–∞–ª,"9,5 –≥",6 –≥,46 –≥
–•–ª–µ–± –î–æ–º–∞—à–Ω–∏–π –Ω–∞ –ú–æ–ª–æ–∫–µ [–ü—è—Ç–µ—Ä–æ—á–∫–∞],239 –∫–ö–∞–ª,8 –≥,1 –≥,50 –≥
–•–ª–µ–± –î—Ä–µ–≤–Ω–µ—Ä—É—Å—Å–∫–∏–π [–ü—è—Ç–µ—Ä–æ—á–∫–∞],201 –∫–ö–∞–ª,10 –≥,1 –≥,38 –≥
–•–ª–µ–± –ó–∞–≤–∞—Ä–Ω–æ–π [–ü—è—Ç–µ—Ä–æ—á–∫–∞],248 –∫–ö–∞–ª,"6,6 –≥",1 –≥,"51,8 –≥"
–•–ª–µ–± –ó–µ—Ä–Ω–æ–≤–æ–π [–ü—è—Ç–µ—Ä–æ—á–∫–∞],274 –∫–ö–∞–ª,"9,2 –≥","6,6 –≥","44,4 –≥"
–•–ª–µ–± –ó–µ—Ä–Ω–æ–≤–æ–π –ó–æ–∂ [–ü—è—Ç–µ—Ä–æ—á–∫–∞],210 –∫–ö–∞–ª,"8,5 –≥",0 –≥,39 –≥
–•–ª–µ–± –ó–µ—Ä–Ω–æ–≤–æ–π –ú—É–ª—å—Ç–∏–∑–ª–∞–∫–æ–≤—ã–π —Å–æ –õ—å–Ω–æ–º [–ü—è—Ç–µ—Ä–æ—á–∫–∞],228 –∫–ö–∞–ª,"6,2 –≥","2,3 –≥","48,9 –≥"
–•–ª–µ–± –ú–∞–∏—Å–æ–≤—ã–π [–ü—è—Ç–µ—Ä–æ—á–∫–∞],240 –∫–ö–∞–ª,"7,5 –≥",2 –≥,46 –≥
–•–ª–µ–± –û—Ç–ª–∏—á–Ω—ã–π —Å –ß–µ—Å–Ω–æ–∫–æ–º [–ü—è—Ç–µ—Ä–æ—á–∫–∞],229 –∫–ö–∞–ª,"8,3 –≥","3,3 –≥","58,8 –≥"
–•–ª–µ–± –ü–∞—Ä–∏–∂—Å–∫–∏–π [–ü—è—Ç–µ—Ä–æ—á–∫–∞],300 –∫–ö–∞–ª,10 –≥,4 –≥,55 –≥
–•–ª–µ–± –ü–∏—Ç–µ—Ä—Å–∫–∏–π [–ü—è—Ç–µ—Ä–æ—á–∫–∞],210 –∫–ö–∞–ª,"7,4 –≥","1,2 –≥","42,6 –≥"
–•–ª–µ–± –ü—É—Ä–∏ –ì—Ä—É–∑–∏–Ω—Å–∫–∏–π [–ü—è—Ç–µ—Ä–æ—á–∫–∞],220 –∫–ö–∞–ª,"8,5 –≥","0,9 –≥","55,9 –≥"
–•–ª–µ–± –†—É—Å—Ç–∏–∫ —Å –ü—Ä–æ—Ä–æ—â–µ–Ω–Ω—ã–º –ó–µ—Ä–Ω–æ–º [–ü—è—Ç–µ—Ä–æ—á–∫–∞],210 –∫–ö–∞–ª,"6,4 –≥","5,9 –≥",33 –≥
–•–ª–µ–± —Å –û—Ç—Ä—É–±—è–º–∏ [–ü—è—Ç–µ—Ä–æ—á–∫–∞],268 –∫–ö–∞–ª,10 –≥,"2,7 –≥",51 –≥
–•–ª–µ–± —Å –°–µ–º–µ–Ω–∞–º–∏ –ü–æ–¥—Å–æ–ª–Ω–µ—á–Ω–∏–∫–∞ [–ü—è—Ç–µ—Ä–æ—á–∫–∞],269 –∫–ö–∞–ª,"7,5 –≥",13 –≥,"30,5 –≥"
–•–ª–µ–± –§–µ—Ä–º–µ—Ä—Å–∫–∏–π [–ü—è—Ç–µ—Ä–æ—á–∫–∞],200 –∫–ö–∞–ª,"6,7 –≥","5,2 –≥","32,6 –≥"
–•–ª–µ–±—É—à–µ–∫ –ß—ë—Ä–Ω—ã–π –†—É—Å—Å–∫–∏–π [–ü—è—Ç–µ—Ä–æ—á–∫–∞],260 –∫–ö–∞–ª,8 –≥,"2,5 –≥",50 –≥
–•–æ–ª–æ–¥–µ—Ü [–ü—è—Ç–µ—Ä–æ—á–∫–∞],31 –∫–ö–∞–ª,"6,3 –≥","0,5 –≥","0,2 –≥"
–•—É–º—É—Å [–ü—è—Ç–µ—Ä–æ—á–∫–∞],345 –∫–ö–∞–ª,16 –≥,25 –≥,14 –≥
–•—É—Ä–º–∞ [–ü—è—Ç–µ—Ä–æ—á–∫–∞],66 –∫–ö–∞–ª,"0,5 –≥","0,3 –≥","15,3 –≥"
–¶—ã–ø–ª–µ–Ω–æ–∫-–ì—Ä–∏–ª—å [–ü—è—Ç–µ—Ä–æ—á–∫–∞],237 –∫–ö–∞–ª,27 –≥,"13,5 –≥",0 –≥
–ß–µ–±—É—Ä–µ–∫ [–ü—è—Ç–µ—Ä–æ—á–∫–∞],226 –∫–ö–∞–ª,11 –≥,10 –≥,23 –≥
–ß–µ—Ä–µ—à–Ω—è [–ü—è—Ç–µ—Ä–æ—á–∫–∞],50 –∫–ö–∞–ª,"1,1 –≥","0,4 –≥","11,5 –≥"
–ß–µ—Ä–Ω–æ—Å–ª–∏–≤ [–ü—è—Ç–µ—Ä–æ—á–∫–∞],277 –∫–ö–∞–ª,"2,3 –≥","0,9 –≥",67 –≥
–ß–µ—Ä–Ω–æ—Å–ª–∏–≤ –§—Ä—É–∫—Ç–æ–≤—ã–π –ë–∞—Ç–æ–Ω—á–∏–∫ [–ü—è—Ç–µ—Ä–æ—á–∫–∞],200 –∫–ö–∞–ª,"2,5 –≥",1 –≥,48 –≥
–ß–µ—Å–Ω–æ–∫ [–ü—è—Ç–µ—Ä–æ—á–∫–∞],143 –∫–ö–∞–ª,"6,5 –≥","0,5 –≥","29,9 –≥"
–ß–∏–∞–±–∞—Ç—Ç–∞ [–ü—è—Ç–µ—Ä–æ—á–∫–∞],269 –∫–ö–∞–ª,"9,4 –≥","2,6 –≥","50,8 –≥"
–ß–∏–∞–±–∞—Ç—Ç–∞ –ö–ª–∞—Å—Å–∏—á–µ—Å–∫–∞—è [–ü—è—Ç–µ—Ä–æ—á–∫–∞],248 –∫–ö–∞–ª,"7,6 –≥","1,2 –≥",51 –≥
–ß–∏–∞–±–∞—Ç—Ç–∞ –°–æ–ª–æ–¥–æ–≤–∞—è [–ü—è—Ç–µ—Ä–æ—á–∫–∞],255 –∫–ö–∞–ª,"8,2 –≥","1,5 –≥","52,2 –≥"
–ß–∏–ø—Å—ã –ú–æ—Å–∫–æ–≤—Å–∫–∏–π –ö–∞—Ä—Ç–æ—Ñ–µ–ª—å [–ü—è—Ç–µ—Ä–æ—á–∫–∞],570 –∫–ö–∞–ª,"5,5 –≥",40 –≥,46 –≥
–®–∞–º–ø–∏–Ω—å–æ–Ω—ã [–ü—è—Ç–µ—Ä–æ—á–∫–∞],27 –∫–ö–∞–ª,"4,3 –≥",0 –≥,"0,1 –≥"
–®—Ç—Ä—É–¥–µ–ª—å –ö–∏–≤–∏ [–ü—è—Ç–µ—Ä–æ—á–∫–∞],410 –∫–ö–∞–ª,5 –≥,30 –≥,34 –≥
–≠–ª–µ—à —Å –ö—É—Ä–∏—Ü–µ–π [–ü—è—Ç–µ—Ä–æ—á–∫–∞],226 –∫–ö–∞–ª,"10,9 –≥","11,2 –≥","20,4 –≥"
–Ø–±–ª–æ–∫–æ –ì–æ–ª–¥–µ–Ω [–ü—è—Ç–µ—Ä–æ—á–∫–∞],53 –∫–ö–∞–ª,"0,5 –≥","0,2 –≥","10,7 –≥"
–Ø–±–ª–æ–∫–æ –ö—Ä–∞—Å–Ω–æ–µ [–ü—è—Ç–µ—Ä–æ—á–∫–∞],47 –∫–ö–∞–ª,"0,4 –≥","0,4 –≥","9,8 –≥"
–Ø–±–ª–æ–∫–æ –†–æ—è–ª –ì–∞–ª–∞ [–ü—è—Ç–µ—Ä–æ—á–∫–∞],46 –∫–ö–∞–ª,"0,4 –≥",0 –≥,"11,2 –≥"
–Ø–±–ª–æ–∫–æ –°–µ–∑–æ–Ω–Ω–æ–µ [–ü—è—Ç–µ—Ä–æ—á–∫–∞],47 –∫–ö–∞–ª,"0,4 –≥","0,4 –≥","9,8 –≥"
–Ø–π—Ü–∞ [–ü—è—Ç–µ—Ä–æ—á–∫–∞],157 –∫–ö–∞–ª,"12,7 –≥","11,5 –≥","0,7 –≥"
–Ø—á–Ω–µ–≤–∞—è –ê–Ω–Ω–∞ [–ü—è—Ç–µ—Ä–æ—á–∫–∞],63 –∫–ö–∞–ª,"2,4 –≥","1,7 –≥","9,5 –≥"
